{
    "Bleu": [
        0.710358478117414,
        0.5274590173820634,
        0.38043975051872386,
        0.2625739159626202
    ],
    "METEOR": 0.2469447488422183,
    "Rouge": 0.5144856480198589,
    "CIDEr": 0.3641721418137366
}